train_loss,epoch,step
5.994903564453125,0,49
5.725423336029053,0,99
5.413851261138916,0,149
5.176290988922119,0,199
5.4120965003967285,0,249
5.000109672546387,0,299
5.241652965545654,0,349
5.049929141998291,0,399
4.995158672332764,0,449
4.933550834655762,0,499
4.874358177185059,0,549
