test_acc,epoch,step
0.44020000100135803,0,0
0.999799907207489,0,0
