train_loss,epoch,step
6.880089282989502,0,49
5.532076358795166,0,99
5.379415512084961,0,149
5.105010986328125,0,199
5.171406269073486,0,249
5.028754711151123,0,299
5.076999664306641,0,349
5.140454292297363,0,399
5.0850138664245605,0,449
4.838169097900391,0,499
4.764810562133789,0,549
4.9279255867004395,0,599
4.704379558563232,0,649
